iter	RMSE
0	695.6991855
1	693.3077671
2	690.9790358
